{
  "accuracy": 0.9995588235294117,
  "rank1": 99.95588235294117,
  "error_rate": 0.00044117647058827814,
  "params": 1220960,
  "flops": 427576832,
  "error_rate_x_params": 538.658823529464,
  "error_rate_x_flops": 188636.83764707713,
  "best_epoch": 60,
  "epochs_trained": 200,
  "training_time_seconds": 3912.5,
  "composite_score": 0.9996941875444705
}